[{"fields": {"name": "A2", "denominator": 4}, "model": "utils.printformat", "pk": 1}, {"fields": {"name": "A3", "denominator": 8}, "model": "utils.printformat", "pk": 2}, {"fields": {"name": "A4", "denominator": 16}, "model": "utils.printformat", "pk": 3}, {"fields": {"name": "A5", "denominator": 32}, "model": "utils.printformat", "pk": 4}, {"fields": {"limit": 0}, "model": "utils.circulationlimit", "pk": 1}, {"fields": {"limit": 3000}, "model": "utils.circulationlimit", "pk": 2}, {"fields": {"limit": 5000}, "model": "utils.circulationlimit", "pk": 3}, {"fields": {"limit": 10000}, "model": "utils.circulationlimit", "pk": 4}, {"fields": {"limit": 20000}, "model": "utils.circulationlimit", "pk": 5}, {"fields": {"back": 1, "face": 1}, "model": "utils.inkfaceback", "pk": 1}, {"fields": {"back": 1, "face": 2}, "model": "utils.inkfaceback", "pk": 2}, {"fields": {"back": 2, "face": 2}, "model": "utils.inkfaceback", "pk": 3}, {"fields": {"back": 1, "face": 4}, "model": "utils.inkfaceback", "pk": 4}, {"fields": {"back": 2, "face": 4}, "model": "utils.inkfaceback", "pk": 5}, {"fields": {"back": 3, "face": 4}, "model": "utils.inkfaceback", "pk": 6}, {"fields": {"back": 4, "face": 4}, "model": "utils.inkfaceback", "pk": 7}, {"fields": {"limit": 2, "value": 20, "ink": 1}, "model": "utils.wasteratio", "pk": 1}, {"fields": {"limit": 1, "value": 23, "ink": 1}, "model": "utils.wasteratio", "pk": 2}, {"fields": {"limit": 2, "value": 23, "ink": 2}, "model": "utils.wasteratio", "pk": 3}, {"fields": {"limit": 1, "value": 31, "ink": 5}, "model": "utils.wasteratio", "pk": 4}, {"fields": {"limit": 1, "value": 25, "ink": 2}, "model": "utils.wasteratio", "pk": 5}, {"fields": {"limit": 3, "value": 20, "ink": 2}, "model": "utils.wasteratio", "pk": 6}, {"fields": {"limit": 5, "value": 18, "ink": 7}, "model": "utils.wasteratio", "pk": 7}, {"fields": {"limit": 3, "value": 23, "ink": 3}, "model": "utils.wasteratio", "pk": 8}, {"fields": {"limit": 5, "value": 9, "ink": 1}, "model": "utils.wasteratio", "pk": 9}, {"fields": {"limit": 5, "value": 11, "ink": 3}, "model": "utils.wasteratio", "pk": 10}, {"fields": {"limit": 4, "value": 15, "ink": 3}, "model": "utils.wasteratio", "pk": 11}, {"fields": {"limit": 2, "value": 27, "ink": 5}, "model": "utils.wasteratio", "pk": 12}, {"fields": {"limit": 3, "value": 27, "ink": 6}, "model": "utils.wasteratio", "pk": 13}, {"fields": {"limit": 2, "value": 29, "ink": 6}, "model": "utils.wasteratio", "pk": 14}, {"fields": {"limit": 2, "value": 32, "ink": 7}, "model": "utils.wasteratio", "pk": 15}, {"fields": {"limit": 5, "value": 12, "ink": 4}, "model": "utils.wasteratio", "pk": 16}, {"fields": {"limit": 4, "value": 11, "ink": 1}, "model": "utils.wasteratio", "pk": 17}, {"fields": {"limit": 4, "value": 17, "ink": 4}, "model": "utils.wasteratio", "pk": 18}, {"fields": {"limit": 3, "value": 24, "ink": 4}, "model": "utils.wasteratio", "pk": 19}, {"fields": {"limit": 4, "value": 13, "ink": 2}, "model": "utils.wasteratio", "pk": 20}, {"fields": {"limit": 5, "value": 13, "ink": 5}, "model": "utils.wasteratio", "pk": 21}, {"fields": {"limit": 1, "value": 35, "ink": 7}, "model": "utils.wasteratio", "pk": 22}, {"fields": {"limit": 3, "value": 25, "ink": 5}, "model": "utils.wasteratio", "pk": 23}, {"fields": {"limit": 4, "value": 20, "ink": 6}, "model": "utils.wasteratio", "pk": 24}, {"fields": {"limit": 2, "value": 25, "ink": 3}, "model": "utils.wasteratio", "pk": 25}, {"fields": {"limit": 4, "value": 18, "ink": 5}, "model": "utils.wasteratio", "pk": 26}, {"fields": {"limit": 1, "value": 27, "ink": 3}, "model": "utils.wasteratio", "pk": 27}, {"fields": {"limit": 1, "value": 33, "ink": 6}, "model": "utils.wasteratio", "pk": 28}, {"fields": {"limit": 4, "value": 22, "ink": 7}, "model": "utils.wasteratio", "pk": 29}, {"fields": {"limit": 3, "value": 30, "ink": 7}, "model": "utils.wasteratio", "pk": 30}, {"fields": {"limit": 1, "value": 29, "ink": 4}, "model": "utils.wasteratio", "pk": 31}, {"fields": {"limit": 2, "value": 26, "ink": 4}, "model": "utils.wasteratio", "pk": 32}, {"fields": {"limit": 5, "value": 10, "ink": 2}, "model": "utils.wasteratio", "pk": 33}, {"fields": {"limit": 3, "value": 18, "ink": 1}, "model": "utils.wasteratio", "pk": 34}]